customer_id,order_id,order_size,customers_unique_products_count_total,customers_unique_brands_count_total,customers_unique_category_count_total
3,726,2,2,2,2
3,727,2,2,2,2
11,3484,1,1,1,1
12,4449,2,2,2,2
13,2963,1,1,1,1
15,16,3,3,3,3
17,1210,4,9,9,7
17,1876,5,9,9,7
24,1314,1,1,1,1
26,1,2,2,2,2
30,67,1,1,1,1
31,61,2,2,2,1
34,3202,1,1,1,1
37,277,2,2,2,2
38,2130,1,1,1,1
47,62,2,2,2,2
53,3552,1,1,1,1
55,57,1,4,4,4
55,58,2,4,4,4
55,59,2,4,4,4
55,60,2,4,4,4
55,3151,2,4,4,4
62,750,1,1,1,1
64,594,1,3,3,3
64,595,1,3,3,3
64,2341,2,3,3,3
65,3326,2,2,2,2
71,1345,2,2,2,2
72,2390,4,4,4,4
73,1315,1,1,1,1
74,1458,1,1,1,1
79,1399,5,5,5,5
81,2448,1,1,1,1
82,2816,1,1,1,1
87,22,3,4,4,3
87,705,1,4,4,3
90,2904,2,5,5,4
90,4300,3,5,5,4
91,1147,1,1,1,1
92,90,1,1,1,1
93,377,3,3,3,3
96,10,1,1,1,1
96,11,1,1,1,1
100,226,1,2,2,2
100,227,1,2,2,2
100,3226,1,2,2,2
101,3440,3,3,3,2
102,18,1,4,4,3
102,19,4,4,4,3
103,4720,1,1,1,1
107,1161,1,2,2,2
107,1338,1,2,2,2
114,2613,1,1,1,1
115,4635,1,1,1,1
118,1503,1,1,1,1
119,2366,4,4,4,4
123,809,1,1,1,1
124,244,5,5,5,5
125,4468,1,1,1,1
129,2459,1,1,1,1
130,3963,1,1,1,1
130,3964,1,1,1,1
131,691,2,2,2,1
133,3941,1,1,1,1
134,3549,2,3,3,3
134,4991,1,3,3,3
134,4992,1,3,3,3
135,5053,2,2,2,2
136,3516,1,2,2,1
136,3518,2,2,2,1
136,3519,2,2,2,1
144,407,1,1,1,1
144,408,1,1,1,1
145,4096,1,1,1,1
146,754,1,1,1,1
155,439,3,3,2,3
157,390,3,3,3,3
157,391,3,3,3,3
159,2219,2,2,2,2
161,912,1,1,1,1
161,914,1,1,1,1
164,268,2,2,2,2
167,1796,2,6,6,5
167,3829,4,6,6,5
170,38,1,1,1,1
172,2,2,8,8,7
172,3,3,8,8,7
172,1979,5,8,8,7
173,106,1,1,1,1
178,806,3,3,3,3
181,2304,1,1,1,1
182,9,1,1,1,1
183,1703,3,3,3,3
184,1058,1,1,1,1
184,1059,1,1,1,1
184,1060,1,1,1,1
185,3278,4,4,4,4
193,1251,4,4,4,4
196,2205,2,2,2,2
198,293,1,3,2,3
198,2439,2,3,2,3
199,2182,1,2,2,1
199,2186,2,2,2,1
200,4508,3,3,3,3
201,1429,1,4,4,4
201,1433,4,4,4,4
206,159,3,3,3,3
211,2037,2,2,2,2
216,3555,1,1,1,1
219,3930,1,1,1,1
224,2350,3,3,3,3
225,3814,1,1,1,1
226,4821,2,2,2,2
228,1511,2,2,2,2
231,1927,1,1,1,1
231,1928,1,1,1,1
235,693,2,2,2,2
236,2428,1,1,1,1
236,2431,1,1,1,1
239,338,2,2,2,2
242,3201,2,2,2,2
242,3205,2,2,2,2
244,3046,1,2,2,2
244,3048,1,2,2,2
244,3054,2,2,2,2
246,143,3,3,3,3
249,2804,4,4,4,4
250,388,2,2,2,2
252,1075,2,2,2,2
256,2656,1,1,1,1
265,1421,1,1,1,1
266,1481,1,6,6,6
266,3309,1,6,6,6
266,4464,4,6,6,6
269,1015,2,2,2,2
270,312,1,7,7,6
270,982,6,7,7,6
275,3952,1,1,1,1
276,821,2,3,3,3
276,824,3,3,3,3
277,3907,3,3,3,2
278,42,3,3,3,3
279,2638,6,7,7,7
279,4272,1,7,7,7
282,922,2,2,2,2
285,1520,2,4,4,4
285,2168,1,4,4,4
285,2169,2,4,4,4
291,1284,1,3,3,3
291,1285,1,3,3,3
291,3303,2,3,3,3
292,83,1,1,1,1
294,857,4,4,4,4
296,242,2,3,3,3
296,3953,1,3,3,3
297,127,1,1,1,1
299,126,2,2,2,2
302,3001,1,1,1,1
304,4437,1,1,1,1
305,2069,5,5,5,5
307,357,4,4,4,3
309,1734,3,3,3,3
315,56,1,2,2,2
315,521,1,2,2,2
316,1599,1,1,1,1
318,889,2,2,2,2
319,1513,1,2,2,2
319,1518,2,2,2,2
320,192,3,6,4,6
320,837,3,6,4,6
323,4759,1,1,1,1
325,2736,3,3,3,3
328,286,1,1,1,1
329,558,2,2,2,2
331,1126,2,2,2,2
332,84,1,1,1,1
339,3485,1,1,1,1
341,1326,2,2,2,2
345,649,1,1,1,1
347,813,2,2,2,2
348,554,1,1,1,1
352,459,1,1,1,1
356,3781,1,2,2,1
356,3790,2,2,2,1
357,100,1,4,4,4
357,1958,1,4,4,4
357,1965,3,4,4,4
362,1286,2,2,2,2
362,1287,2,2,2,2
365,3895,1,1,1,1
365,3898,1,1,1,1
371,2617,3,3,3,3
373,139,2,2,2,2
373,140,2,2,2,2
379,1467,1,1,1,1
382,2778,1,1,1,1
383,1648,2,2,2,2
390,4328,3,3,3,3
392,551,1,2,2,2
392,1989,1,2,2,2
393,890,1,2,2,2
393,892,2,2,2,2
394,736,2,2,2,2
398,1769,5,5,4,4
400,567,3,3,3,3
405,2733,3,3,3,3
406,3213,1,1,1,1
407,566,3,3,3,2
408,251,2,4,4,3
408,252,2,4,4,3
408,2321,2,4,4,3
410,2502,1,1,1,1
410,2503,1,1,1,1
413,2616,2,2,2,2
413,2619,2,2,2,2
417,4101,2,2,2,2
417,4102,2,2,2,2
422,69,1,1,1,1
425,2319,1,1,1,1
426,105,2,2,2,2
428,1172,1,1,1,1
430,4237,1,1,1,1
431,1182,2,2,2,2
434,133,1,1,1,1
435,270,1,2,2,2
435,991,1,2,2,2
449,1339,1,2,2,2
449,2509,1,2,2,2
452,1111,4,12,11,11
452,2609,3,12,11,11
452,2611,8,12,11,11
455,1354,3,3,2,3
459,346,2,2,2,2
461,3223,2,2,2,2
463,639,2,2,2,2
463,640,2,2,2,2
465,466,1,1,1,1
465,467,1,1,1,1
469,3207,2,2,2,2
476,3805,2,2,2,2
478,205,2,2,2,2
481,352,1,1,1,1
483,36,2,2,2,2
486,87,1,1,1,1
492,3250,4,4,4,3
495,2243,4,4,4,4
496,398,1,1,1,1
497,94,2,2,2,2
498,3287,3,3,3,3
498,3290,3,3,3,3
498,3292,3,3,3,3
500,2827,2,2,2,2
501,299,3,3,3,3
502,188,2,2,2,2
507,1442,2,4,4,4
507,3077,2,4,4,4
509,3886,2,2,1,2
513,2166,2,2,2,2
514,1363,1,3,2,3
514,2848,2,3,2,3
519,1407,3,3,3,3
521,490,3,3,3,3
521,491,3,3,3,3
523,4443,1,1,1,1
525,4216,1,1,1,1
526,3482,1,1,1,1
528,3729,4,4,4,4
529,1130,2,2,2,2
532,1695,2,2,2,2
532,1696,2,2,2,2
533,63,2,2,2,2
536,3771,2,2,2,2
536,3773,2,2,2,2
537,631,3,5,5,4
537,634,5,5,5,4
539,4965,5,5,4,4
542,692,4,8,8,6
542,804,4,8,8,6
544,410,2,2,2,2
546,1536,1,1,1,1
547,2380,2,2,2,2
549,1946,1,1,1,1
550,114,2,2,2,2
551,164,3,3,3,3
552,1342,2,2,2,2
554,1352,2,2,2,2
556,380,2,2,2,2
558,1267,1,1,1,1
565,486,2,2,2,2
568,1999,3,3,3,3
576,543,2,2,2,2
579,2327,3,3,3,3
580,2035,1,1,1,1
585,25,1,4,4,4
585,26,2,4,4,4
585,1919,2,4,4,4
589,1280,1,1,1,1
589,1281,1,1,1,1
590,830,5,5,5,5
591,385,1,1,1,1
592,2032,3,3,3,3
593,834,5,5,5,5
596,3577,5,5,5,5
597,75,1,1,1,1
603,2425,6,6,5,6
604,96,2,2,2,2
607,1052,1,1,1,1
614,1398,1,4,3,4
614,4085,3,4,3,4
618,399,1,1,1,1
620,21,2,2,2,2
625,3824,2,2,2,2
625,3826,2,2,2,2
631,2723,5,5,5,5
631,2724,5,5,5,5
635,1232,1,1,1,1
635,1234,1,1,1,1
639,2209,2,2,2,2
640,1356,1,1,1,1
642,401,2,5,5,5
642,402,3,5,5,5
642,2500,1,5,5,5
642,4494,1,5,5,5
643,366,1,1,1,1
646,328,2,3,3,3
646,330,3,3,3,3
651,1207,1,1,1,1
651,1208,1,1,1,1
659,45,1,1,1,1
664,1868,3,3,3,3
665,4486,1,5,5,5
665,4925,4,5,5,5
667,1189,1,1,1,1
668,145,4,5,5,4
668,493,1,5,5,4
668,495,1,5,5,4
671,4655,2,2,2,2
673,886,2,2,2,2
673,887,2,2,2,2
675,608,1,1,1,1
678,3753,4,4,4,4
681,47,2,2,2,2
685,936,3,5,5,4
685,3167,2,5,5,4
687,3161,2,2,2,2
688,1577,1,3,3,3
688,1582,3,3,3,3
694,3649,4,4,4,4
695,3733,1,1,1,1
701,3906,3,3,3,3
702,3503,1,1,1,1
708,1851,1,2,2,2
708,1853,2,2,2,2
710,930,3,3,3,3
710,931,3,3,3,3
713,590,2,4,4,4
713,1178,1,4,4,4
713,1181,2,4,4,4
716,659,1,1,1,1
719,1894,2,2,2,2
723,2717,5,5,5,5
727,2173,2,2,2,2
728,3126,1,1,1,1
730,792,3,3,3,3
731,2719,3,3,3,3
732,416,2,2,2,2
733,29,3,6,5,6
733,240,3,6,5,6
736,4686,1,1,1,1
744,341,2,5,5,5
744,2136,3,5,5,5
745,1271,3,3,3,2
746,1753,3,3,3,3
749,785,3,3,3,3
750,237,1,1,1,1
751,355,1,1,1,1
752,4642,2,2,2,1
754,49,3,3,3,3
755,3639,3,3,3,3
756,4314,3,3,3,3
766,4382,3,3,3,3
767,1009,1,8,8,6
767,1012,3,8,8,6
767,4790,5,8,8,6
768,5060,3,3,3,3
771,911,1,7,6,6
771,915,4,7,6,6
771,2466,3,7,6,6
772,896,2,2,2,2
774,4191,1,1,1,1
775,4544,1,1,1,1
776,2056,2,3,3,3
776,2059,3,3,3,3
778,1024,1,1,1,1
781,4558,2,2,2,2
783,2802,1,1,1,1
786,72,2,2,2,2
786,73,2,2,2,2
791,425,3,3,3,3
792,4983,3,3,3,3
794,4103,2,2,2,1
795,1176,3,3,3,3
797,2012,3,4,4,4
797,5036,1,4,4,4
805,50,1,5,5,4
805,211,4,5,5,4
808,3553,4,4,4,4
808,3554,4,4,4,4
810,1640,2,2,2,2
814,667,1,1,1,1
816,550,1,1,1,1
817,475,1,2,2,2
817,2933,1,2,2,2
818,1416,5,7,7,6
818,4828,2,7,7,6
819,153,3,4,4,4
819,154,3,4,4,4
819,2099,1,4,4,4
819,2100,1,4,4,4
820,120,1,1,1,1
823,1879,2,2,2,2
824,1395,1,1,1,1
825,3732,1,7,7,6
825,4926,6,7,7,6
825,4928,6,7,7,6
826,5025,2,2,2,2
829,4586,4,4,4,3
830,3328,1,1,1,1
830,3329,1,1,1,1
833,131,2,4,4,4
833,132,2,4,4,4
833,1892,3,4,4,4
834,1914,1,2,2,2
834,1920,2,2,2,2
835,632,4,4,4,2
844,2505,1,1,1,1
845,1468,3,4,4,4
845,4033,1,4,4,4
846,4491,3,3,3,3
847,4131,1,1,1,1
848,2690,1,1,1,1
850,1661,1,2,2,1
850,1662,1,2,2,1
850,1665,2,2,2,1
851,37,1,1,1,1
853,3318,2,2,2,2
854,1713,2,2,2,2
855,258,3,3,3,3
856,3410,2,2,2,2
857,4680,2,2,2,1
858,751,1,1,1,1
859,4198,2,2,2,2
862,174,2,2,2,2
862,175,2,2,2,2
871,142,1,2,2,2
871,305,1,2,2,2
872,1138,2,2,2,2
872,1139,2,2,2,2
873,3367,1,1,1,1
875,52,2,2,2,2
876,229,4,4,4,4
877,325,2,2,2,2
883,2002,3,3,3,2
884,3777,1,1,1,1
891,879,1,1,1,1
892,3219,1,1,1,1
893,3970,1,1,1,1
899,556,1,3,3,3
899,963,2,3,3,3
900,1637,1,1,1,1
905,103,4,4,4,4
911,4180,2,2,2,2
913,685,1,1,1,1
922,3923,4,4,4,4
923,3754,2,4,4,4
923,3755,4,4,4,4
924,1475,1,1,1,1
925,71,2,2,2,2
927,64,1,1,1,1
930,3383,3,3,3,3
932,2815,1,1,1,1
933,526,1,1,1,1
936,2024,1,1,1,1
936,2025,1,1,1,1
941,2309,1,1,1,1
942,4631,1,1,1,1
943,3869,2,2,2,2
945,846,1,2,2,2
945,4784,1,2,2,2
945,4793,1,2,2,2
949,82,1,1,1,1
954,2376,1,1,1,1
957,3177,2,2,2,2
959,1499,3,3,3,3
960,281,3,3,3,2
967,3711,3,3,3,2
969,5009,2,2,2,2
969,5012,2,2,2,2
970,825,1,1,1,1
972,197,3,3,3,2
974,2094,3,3,3,3
978,303,3,3,3,3
979,4980,2,2,2,2
980,51,3,5,5,5
980,1270,2,5,5,5
992,309,2,2,2,2
993,1436,4,4,4,4
995,275,2,2,2,2
997,2299,3,3,3,3
1000,835,2,2,2,2
1004,326,3,4,4,4
1004,641,1,4,4,4
1010,1744,1,1,1,1
1011,2901,1,1,1,1
1017,2284,1,1,1,1
1018,177,3,3,3,3
1019,735,1,1,1,1
1021,394,1,1,1,1
1021,395,1,1,1,1
1023,470,3,3,3,3
1024,4095,5,5,5,5
1025,2838,1,1,1,1
1025,2839,1,1,1,1
1029,1668,1,1,1,1
1029,1669,1,1,1,1
1029,1671,1,1,1,1
1030,502,4,4,4,3
1034,3742,1,1,1,1
1035,200,2,2,2,2
1035,201,2,2,2,2
1038,4007,1,1,1,1
1038,4009,1,1,1,1
1043,392,3,3,3,3
1045,4934,4,4,4,4
1048,76,1,2,2,2
1048,248,1,2,2,2
1051,696,2,2,2,2
1053,4961,1,1,1,1
1055,1977,2,4,4,4
1055,4825,2,4,4,4
1062,694,1,1,1,1
1062,697,1,1,1,1
1068,55,1,1,1,1
1070,3936,1,1,1,1
1071,3714,1,1,1,1
1071,3715,1,1,1,1
1072,2514,1,1,1,1
1077,4997,1,4,4,3
1077,5014,4,4,4,3
1081,1294,1,2,2,2
1081,1297,1,2,2,2
1081,3103,1,2,2,2
1083,2808,1,1,1,1
1090,280,1,1,1,1
1093,1318,2,3,3,2
1093,1319,3,3,3,2
1096,2752,1,1,1,1
1099,3022,3,2,2,2
1102,474,2,4,4,3
1102,1626,2,4,4,3
1106,157,1,4,4,4
1106,2507,3,4,4,4
1109,4879,2,2,2,2
1116,1974,2,2,2,1
1124,3915,1,1,1,1
1125,2197,1,1,1,1
1127,462,2,2,2,1
1132,1067,1,3,3,3
1132,1070,3,3,3,3
1137,1655,1,2,2,2
1137,1657,1,2,2,2
1137,2575,1,2,2,2
1143,86,2,5,5,4
1143,1390,3,5,5,4
1146,3198,2,3,3,3
1146,4361,1,3,3,3
1151,4400,1,2,2,2
1151,4404,2,2,2,2
1153,337,5,6,6,6
1153,2882,1,6,6,6
1163,953,3,3,3,3
1164,70,2,2,2,2
1166,4160,1,1,1,1
1167,1793,3,3,3,3
1168,1133,2,2,2,2
1169,336,3,3,3,3
1179,104,2,2,2,2
1182,573,1,1,1,1
1185,1514,2,3,3,3
1185,2554,1,3,3,3
1186,1567,2,6,6,5
1186,3613,4,6,6,5
1189,297,4,4,3,4
1190,1694,4,6,6,6
1190,1697,6,6,6,6
1196,378,1,1,1,1
1198,4685,2,2,2,2
1203,4285,1,1,1,1
1204,1708,1,1,1,1
1204,1709,1,1,1,1
1206,369,3,4,4,4
1206,665,1,4,4,4
1207,949,1,4,4,4
1207,950,1,4,4,4
1207,951,4,4,4,4
1210,1156,1,1,1,1
1211,2433,1,1,1,1
1212,3344,1,2,2,2
1212,3346,2,2,2,2
1217,718,1,1,1,1
1221,1008,1,1,1,1
1222,2261,1,1,1,1
1222,2262,1,1,1,1
1224,3538,1,1,1,1
1226,2564,3,3,3,3
1226,2569,3,3,3,3
1229,539,3,3,3,3
1232,171,4,4,4,4
1236,500,2,3,3,3
1236,501,2,3,3,3
1236,2651,1,3,3,3
1237,672,1,4,4,4
1237,675,4,4,4,4
1238,1813,2,2,2,2
1239,3547,4,4,4,4
1244,162,3,6,6,6
1244,596,3,6,6,6
1248,3360,3,3,3,3
1249,4030,3,3,3,3
1252,81,2,2,2,2
1254,2538,1,2,2,2
1254,4764,1,2,2,2
1258,4379,3,3,3,3
1262,179,3,8,8,7
1262,1427,3,8,8,7
1262,3493,2,8,8,7
1267,4858,3,3,3,3
1268,78,3,3,3,3
1269,362,1,1,1,1
1269,363,1,1,1,1
1269,365,1,1,1,1
1270,278,1,1,1,1
1272,1068,2,2,2,2
1273,1434,2,3,3,3
1273,2093,1,3,3,3
1274,436,4,8,7,7
1274,2008,1,8,7,7
1274,3014,2,8,7,7
1274,3017,3,8,7,7
1280,2541,3,5,5,4
1280,4013,1,5,5,4
1280,4426,1,5,5,4
1282,688,4,4,3,3
1283,119,3,5,5,5
1283,233,2,5,5,5
1285,549,2,2,2,2
1287,144,1,8,8,6
1287,166,1,8,8,6
1287,167,5,8,8,6
1287,168,7,8,8,6
1295,3616,2,2,2,2
1296,1424,2,2,2,2
1296,1425,2,2,2,2
1307,4806,2,2,2,2
1309,553,1,1,1,1
1315,512,1,1,1,1
1317,3473,2,2,2,2
1326,1332,2,2,2,2
1327,1952,1,1,1,1
1328,848,1,1,1,1
1332,1688,5,5,5,5
1334,1404,3,3,2,3
1335,1742,1,1,1,1
1335,1743,1,1,1,1
1339,383,3,8,7,7
1339,706,5,8,7,7
1341,193,2,2,2,2
1344,199,1,1,1,1
1345,2171,2,2,2,2
1346,3522,3,3,3,3
1349,217,1,1,1,1
1355,1980,1,1,1,1
1355,1981,1,1,1,1
1357,3265,1,1,1,1
1359,4141,3,3,3,3
1375,895,1,4,3,3
1375,2461,3,4,3,3
1378,503,2,2,2,2
1380,3568,1,4,4,4
1380,3575,4,4,4,4
1393,4864,3,3,3,3
1395,1524,2,5,5,4
1395,1525,5,5,5,4
1399,1438,2,2,2,2
1400,1685,1,1,1,1
1401,4603,1,1,1,1
1406,2530,1,1,1,1
1413,3587,1,1,1,1
1417,4605,1,1,1,1
1419,1779,1,1,1,1
1425,1365,1,2,2,2
1425,5105,1,2,2,2
1433,115,2,2,2,2
1450,818,3,3,3,3
1452,5072,2,2,2,2
1453,2176,4,4,4,4
1457,3348,1,1,1,1
1457,3349,1,1,1,1
1458,4111,1,1,1,1
1468,1153,1,3,3,3
1468,4225,2,3,3,3
1471,372,1,2,2,2
1471,373,2,2,2,2
1472,2370,4,4,2,4
1483,4547,1,1,1,1
1486,630,1,1,1,1
1490,2347,1,1,1,1
1493,4838,2,2,2,2
1493,4843,2,2,2,2
1499,2595,2,2,2,1
1502,2396,5,5,5,4
1502,2397,5,5,5,4
1508,1292,1,1,1,1
1510,5102,3,3,3,3
1512,4903,1,1,1,1
1513,2489,1,1,1,1
1515,4261,1,1,1,1
1517,156,2,2,2,2
1518,4415,1,1,1,1
1523,3492,2,2,2,2
1527,4375,3,3,3,3
1529,715,1,1,1,1
1530,1197,1,2,2,2
1530,1198,2,2,2,2
1530,1199,2,2,2,2
1531,1799,2,2,2,2
1532,1698,2,2,2,2
1533,766,4,8,8,5
1533,2949,4,8,8,5
1533,2950,4,8,8,5
1535,271,2,2,2,2
1541,3646,1,1,1,1
1543,1903,1,1,1,1
1544,5030,2,2,2,2
1549,701,1,2,2,2
1549,2511,1,2,2,2
1556,2301,1,1,1,1
1559,1500,2,2,2,2
1563,150,2,2,2,2
1564,4882,1,1,1,1
1567,4047,1,1,1,1
1584,1004,1,1,1,1
1589,468,2,2,2,2
1597,1389,1,1,1,1
1598,3855,4,4,4,4
1601,2191,2,2,2,2
1602,2576,2,2,2,2
1606,4834,1,1,1,1
1609,479,4,4,4,4
1609,480,4,4,4,4
1609,481,4,4,4,4
1614,184,1,1,1,1
1616,3557,1,1,1,1
1617,1037,2,3,3,3
1617,1039,3,3,3,3
1621,542,3,3,3,3
1624,1542,1,2,2,2
1624,1993,1,2,2,2
1627,3262,1,1,1,1
1629,393,1,5,5,4
1629,510,4,5,5,4
1638,635,2,2,2,2
1639,5010,1,1,1,1
1644,2892,1,1,1,1
1648,625,1,1,1,1
1650,664,1,2,2,2
1650,1027,1,2,2,2
1658,3491,1,1,1,1
1659,256,3,3,3,3
1660,623,1,1,1,1
1664,2648,1,1,1,1
1666,513,3,3,3,3
1668,941,4,4,4,4
1669,404,1,1,1,1
1670,1260,1,1,1,1
1670,1261,1,1,1,1
1673,777,2,2,2,2
1678,231,2,3,3,2
1678,232,3,3,3,2
1679,2419,3,3,3,2
1681,689,1,1,1,1
1682,224,1,3,3,3
1682,225,3,3,3,3
1683,5029,2,2,2,2
1683,5032,2,2,2,2
1686,4294,2,2,2,2
1688,433,3,3,3,3
1689,298,2,2,2,2
1696,4658,2,2,2,2
1699,3013,2,2,2,2
1701,871,1,3,3,2
1701,2587,2,3,3,2
1704,291,3,3,3,3
1723,209,3,5,5,5
1723,214,3,5,5,5
1723,215,5,5,5,5
1725,986,3,5,5,4
1725,1782,2,5,5,4
1726,287,2,4,4,3
1726,483,2,4,4,3
1727,1259,4,4,4,3
1730,755,1,7,7,5
1730,4446,3,7,7,5
1730,4814,3,7,7,5
1734,3311,3,3,3,3
1737,2460,1,1,1,1
1740,1447,1,2,2,2
1740,4031,1,2,2,2
1744,2859,2,2,2,2
1747,4510,1,1,1,1
1753,176,2,2,2,2
1760,3211,3,4,4,4
1760,3603,1,4,4,4
1765,432,2,2,2,2
1769,3248,3,4,4,4
1769,3251,4,4,4,4
1771,3305,1,1,1,1
1772,283,2,2,2,2
1775,1201,1,1,1,1
1779,348,2,2,2,2
1791,856,1,1,1,1
1794,1036,3,3,3,2
1800,497,1,1,1,1
1808,1387,1,1,1,1
1810,969,1,4,4,4
1810,2747,3,4,4,4
1815,902,2,5,5,5
1815,3169,3,5,5,5
1817,3701,3,3,3,3
1819,2535,2,2,2,2
1821,1565,3,3,3,2
1826,285,2,2,2,2
1828,2497,4,4,3,4
1829,1884,3,3,3,2
1833,3058,3,3,3,3
1833,3059,3,3,3,3
1835,314,2,7,7,6
1835,650,5,7,7,6
1839,4960,1,1,1,1
1848,5046,3,3,3,3
1849,3721,1,1,1,1
1853,3933,2,2,2,2
1855,795,1,1,1,1
1856,1803,5,5,5,4
1857,2590,3,3,3,3
1860,2029,2,2,2,2
1862,1235,1,1,1,1
1869,1452,1,1,1,1
1870,409,4,4,4,4
1875,3582,1,1,1,1
1876,587,1,1,1,1
1876,589,1,1,1,1
1877,4138,3,3,3,3
1879,3049,1,4,4,3
1879,3055,3,4,4,3
1879,3787,1,4,4,3
1883,2310,4,6,6,5
1883,2313,6,6,6,5
1884,1622,1,1,1,1
1885,601,1,1,1,1
1886,2436,1,1,1,1
1888,905,1,1,1,1
1889,569,3,6,6,6
1889,570,3,6,6,6
1889,1572,3,6,6,6
1897,2711,1,1,1,1
1906,1864,1,1,1,1
1908,913,3,4,4,4
1908,2006,1,4,4,4
1910,263,6,6,5,5
1910,264,6,6,5,5
1911,873,1,4,3,3
1911,3358,2,4,3,3
1911,3361,3,4,3,3
1917,648,3,3,3,3
1918,619,1,1,1,1
1922,1174,3,3,3,2
1923,2572,5,5,5,4
1932,4352,4,4,3,4
1937,2308,1,1,1,1
1941,4490,2,2,2,2
1945,1435,1,5,4,4
1945,4019,1,5,4,4
1945,4021,3,5,4,4
1945,4026,4,5,4,4
1947,1136,1,1,1,1
1947,1137,1,1,1,1
1952,446,1,2,2,2
1952,448,2,2,2,2
1953,2294,5,5,5,4
1956,1509,1,1,1,1
1956,1510,1,1,1,1
1957,265,1,3,3,3
1957,266,2,3,3,3
1957,267,3,3,3,3
1958,845,2,2,2,2
1959,4061,2,2,2,2
1964,4143,1,1,1,1
1967,681,3,4,4,4
1967,3380,1,4,4,4
1972,3404,2,2,2,2
1977,400,1,1,1,1
1981,2853,4,4,4,4
1986,1613,3,3,3,2
1987,1040,2,4,4,2
1987,1041,2,4,4,2
1987,4099,2,4,4,2
1990,4817,1,1,1,1
1991,2618,1,1,1,1
1994,1956,1,2,2,2
1994,1959,2,2,2,2
1997,1728,1,1,1,1
1997,1729,1,1,1,1
1998,3409,1,1,1,1
1998,3411,1,1,1,1
2000,932,2,3,3,3
2000,934,3,3,3,3
2005,259,1,1,1,1
2006,1108,4,4,3,4
2007,1132,1,1,1,1
2010,1010,1,1,1,1
2011,3843,3,3,3,3
2013,3838,1,1,1,1
2022,4242,1,1,1,1
2029,4900,1,1,1,1
2032,680,2,2,2,2
2034,274,3,3,3,3
2040,1543,3,6,6,4
2040,1545,4,6,6,4
2040,3695,2,6,6,4
2049,317,2,2,2,2
2050,2806,1,1,1,1
2052,1007,4,4,4,3
2054,1230,3,3,3,3
2056,5005,2,2,2,2
2058,2114,1,4,4,4
2058,2119,4,4,4,4
2066,3025,4,4,4,4
2068,5049,1,1,1,1
2069,993,1,2,2,2
2069,995,2,2,2,2
2069,996,2,2,2,2
2071,3066,4,4,4,3
2071,3067,4,4,4,3
2078,1464,3,3,3,3
2079,633,4,4,4,4
2092,1049,2,2,2,2
2094,3426,2,2,2,2
2095,908,1,1,1,1
2095,909,1,1,1,1
2099,1336,5,5,5,5
2106,548,3,3,2,2
2113,789,1,1,1,1
2115,2729,3,3,3,3
2117,3638,1,1,1,1
2121,4951,2,2,2,2
2121,4954,2,2,2,2
2122,964,3,3,3,3
2124,2515,2,5,5,5
2124,2589,1,5,5,5
2124,3116,2,5,5,5
2128,2424,1,1,1,1
2135,2476,1,1,1,1
2136,1091,1,1,1,1
2143,2132,1,3,3,3
2143,2529,2,3,3,3
2145,1762,4,4,4,4
2145,1764,4,4,4,4
2150,615,1,2,2,2
2150,1951,1,2,2,2
2152,339,4,4,4,4
2152,340,4,4,4,4
2154,3699,3,3,3,3
2157,1026,4,4,4,4
2162,2075,2,3,3,3
2162,2077,3,3,3,3
2169,2842,2,2,2,2
2169,2843,2,2,2,2
2170,4578,5,5,5,5
2180,4874,3,3,3,3
2184,1170,1,1,1,1
2185,1302,2,2,2,2
2191,3700,1,1,1,1
2197,2689,2,2,2,1
2199,1814,3,7,7,5
2199,1815,5,7,7,5
2199,2704,2,7,7,5
2200,1140,3,3,3,3
2203,2543,1,4,4,4
2203,4162,1,4,4,4
2203,4170,3,4,4,4
2205,561,1,1,1,1
2207,4582,2,3,3,3
2207,4894,1,3,3,3
2209,360,2,2,2,2
2216,3749,1,1,1,1
2218,658,1,1,1,1
2221,1862,2,2,2,2
2224,3023,1,1,1,1
2225,741,1,1,1,1
2229,562,1,1,1,1
2230,3231,3,2,2,2
2233,1598,1,1,1,1
2233,1600,1,1,1,1
2239,1128,6,7,6,5
2239,3657,1,7,6,5
2242,682,1,1,1,1
2244,322,4,4,4,4
2244,323,4,4,4,4
2246,3424,2,2,2,2
2253,417,3,3,3,3
2255,329,1,1,1,1
2260,1618,1,1,1,1
2261,381,3,4,4,3
2261,1949,1,4,4,3
2265,1470,1,1,1,1
2272,1563,2,2,2,2
2274,504,1,1,1,1
2276,444,1,3,3,3
2276,445,1,3,3,3
2276,1064,2,3,3,3
2285,2761,2,2,2,2
2291,2353,4,4,4,3
2292,430,2,2,2,2
2300,776,1,1,1,1
2301,611,2,8,7,7
2301,3005,2,8,7,7
2301,3006,2,8,7,7
2301,3972,4,8,7,7
2302,770,1,1,1,1
2305,313,2,4,4,4
2305,397,2,4,4,4
2306,3737,3,3,3,3
2309,1540,2,2,2,2
2311,4058,4,4,4,3
2316,2585,1,2,2,2
2316,2586,2,2,2,2
2322,679,3,3,3,3
2325,1507,1,1,1,1
2325,1508,1,1,1,1
2333,669,1,1,1,1
2333,670,1,1,1,1
2334,544,1,6,6,5
2334,1489,5,6,6,5
2337,456,3,3,3,3
2339,1723,2,2,2,2
2342,609,7,7,7,5
2345,1596,1,1,1,1
2347,2792,1,1,1,1
2348,384,1,1,1,1
2359,4193,2,2,2,1
2361,1873,1,1,1,1
2365,2328,6,6,6,5
2366,3033,1,1,1,1
2367,2546,1,1,1,1
2373,2814,4,4,4,3
2376,1964,2,2,2,2
2380,3217,2,2,2,1
2380,3220,2,2,2,1
2382,2680,1,1,1,1
2384,1614,2,5,5,4
2384,4695,3,5,5,4
2386,1227,1,1,1,1
2390,1664,1,1,1,1
2393,662,4,4,4,4
2401,3092,2,2,2,2
2402,1750,1,1,1,1
2402,1751,1,1,1,1
2402,1752,1,1,1,1
2408,704,2,2,2,2
2423,1263,5,5,5,4
2427,4715,3,3,3,3
2432,2871,1,1,1,1
2434,1505,3,3,2,3
2437,1258,3,3,3,3
2438,3342,1,1,1,1
2439,2224,1,2,2,2
2439,2891,1,2,2,2
2442,1784,1,1,1,1
2444,626,2,2,2,2
2444,629,2,2,2,2
2445,359,1,1,1,1
2447,1066,2,2,2,2
2448,4219,2,2,2,2
2448,4220,2,2,2,2
2453,761,2,4,4,4
2453,938,2,4,4,4
2459,345,2,2,2,2
2460,368,1,1,1,1
2462,2722,3,3,3,3
2463,1412,3,3,3,3
2464,536,1,6,6,5
2464,1022,5,6,6,5
2468,2405,1,3,3,3
2468,2407,3,3,3,3
2479,1609,1,1,1,1
2479,1610,1,1,1,1
2482,1494,1,1,1,1
2489,4822,2,2,2,2
2491,828,1,1,1,1
2492,1023,2,5,5,4
2492,4284,3,5,5,4
2493,559,2,2,2,2
2497,438,2,2,2,2
2499,730,3,3,3,3
2508,2932,1,1,1,1
2513,779,2,6,6,6
2513,2773,4,6,6,6
2522,1484,4,4,4,4
2523,1393,2,2,2,2
2524,1715,1,1,1,1
2525,3448,1,2,2,1
2525,3450,1,2,2,1
2525,3451,2,2,2,1
2526,4604,1,1,1,1
2539,2634,2,5,5,4
2539,2639,5,5,5,4
2547,411,1,1,1,1
2555,3396,2,2,2,1
2557,3537,3,3,3,3
2563,421,1,3,3,3
2563,2005,2,3,3,3
2566,2797,1,1,1,1
2569,3088,4,7,7,6
2569,3926,4,7,7,6
2570,3086,4,4,4,4
2574,541,1,4,4,4
2574,947,3,4,4,4
2578,4533,3,3,3,3
2579,2373,2,3,3,1
2579,2375,3,3,3,1
2590,3179,1,1,1,1
2598,4895,3,3,3,3
2602,4668,2,2,2,1
2603,4999,1,1,1,1
2603,5002,1,1,1,1
2604,1367,1,1,1,1
2610,2501,4,4,4,4
2611,2251,2,2,2,2
2617,764,1,3,3,3
2617,2268,2,3,3,3
2623,4592,1,1,1,1
2626,823,3,4,4,3
2626,942,1,4,4,3
2628,3499,2,2,2,2
2629,2883,1,4,4,4
2629,4184,3,4,4,4
2629,4186,3,4,4,4
2639,5022,1,1,1,1
2649,1847,3,3,3,3
2650,420,2,2,2,2
2652,4933,2,2,2,2
2657,1834,2,2,2,2
2668,979,1,1,1,1
2671,538,4,5,5,4
2671,4947,1,5,5,4
2671,4948,1,5,5,4
2673,415,2,2,2,2
2675,382,1,1,1,1
2679,1846,3,3,3,2
2686,1446,1,1,1,1
2687,2393,1,1,1,1
2688,1837,2,5,5,5
2688,2302,3,5,5,5
2688,2303,3,5,5,5
2689,1401,1,1,1,1
2695,866,2,2,2,2
2696,2118,4,4,4,4
2698,2527,1,1,1,1
2699,3288,2,2,2,2
2702,1279,2,2,2,2
2707,1167,1,6,6,6
2707,1781,1,6,6,6
2707,2809,2,6,6,6
2707,3725,2,6,6,6
2712,2854,1,1,1,1
2713,3654,1,1,1,1
2717,2520,1,4,4,3
2717,3443,3,4,4,3
2718,1866,3,3,3,3
2724,1274,1,1,1,1
2725,3642,1,1,1,1
2727,1477,2,2,2,2
2730,3857,1,1,1,1
2731,3391,1,1,1,1
2733,4650,1,1,1,1
2735,515,2,2,2,2
2738,2874,1,1,1,1
2739,1127,3,3,2,3
2741,2351,3,3,3,2
2743,2053,1,1,1,1
2745,1601,1,1,1,1
2748,1369,2,3,3,3
2748,1371,3,3,3,3
2749,959,3,3,3,3
2750,904,1,1,1,1
2754,4479,2,2,2,2
2754,4481,2,2,2,2
2759,2939,2,2,2,2
2762,1366,2,2,2,2
2764,2088,2,2,2,2
2775,509,1,1,1,1
2781,3849,2,2,2,2
2781,3850,2,2,2,2
2782,3479,3,3,3,3
2784,571,3,3,3,3
2787,1763,2,5,5,5
2787,4857,3,5,5,5
2789,2523,3,3,3,2
2791,1340,1,2,2,2
2791,1343,2,2,2,2
2797,638,1,1,1,1
2804,3074,1,1,1,1
2805,3414,3,3,3,2
2805,3416,3,3,3,2
2806,4190,3,3,2,3
2812,4893,2,2,2,2
2816,1013,1,1,1,1
2817,2423,5,5,5,5
2822,3578,2,2,2,2
2829,4597,2,4,4,4
2829,4602,4,4,4,4
2831,2286,2,2,2,2
2833,4753,3,3,3,3
2836,2014,5,5,5,5
2840,1501,1,1,1,1
2843,3875,2,2,2,2
2853,3498,5,5,4,5
2854,429,2,3,3,2
2854,1386,1,3,3,2
2856,3354,1,1,1,1
2857,488,1,1,1,1
2864,1649,3,3,3,3
2867,529,3,3,3,3
2868,2720,1,1,1,1
2874,2068,5,5,5,4
2876,2124,1,1,1,1
2879,1248,2,2,2,1
2879,1249,2,2,2,1
2881,1220,3,3,3,3
2887,1092,1,1,1,1
2889,2771,1,1,1,1
2894,1820,1,1,1,1
2897,3806,1,1,1,1
2912,1806,1,1,1,1
2913,3812,1,1,1,1
2914,478,2,2,2,2
2915,1018,1,1,1,1
2915,1019,1,1,1,1
2918,2475,6,6,6,6
2924,2464,2,2,2,1
2926,3676,2,2,2,2
2927,1305,2,7,7,7
2927,4896,5,7,7,7
2931,1607,2,2,2,2
2933,2744,1,1,1,1
2936,1960,4,4,4,4
2941,3083,1,1,1,1
2949,4681,1,1,1,1
2950,4299,2,2,2,2
2963,1166,1,1,1,1
2968,2236,1,1,1,1
2969,1146,2,2,2,2
2970,4506,1,1,1,1
2973,2923,1,1,1,1
2977,2009,4,4,4,4
2978,4197,4,6,6,4
2978,4515,2,6,6,4
2980,1791,2,2,2,2
2981,3119,1,1,1,1
2982,1604,2,2,2,2
2984,1807,1,1,1,1
2986,875,2,2,2,2
2986,877,2,2,2,2
2988,4875,1,1,1,1
2991,3034,1,1,1,1
2996,506,1,1,1,1
2997,2790,3,3,3,3
3000,1869,1,1,1,1
3003,471,2,2,2,2
3003,472,2,2,2,2
3004,3018,1,2,2,2
3004,3020,2,2,2,2
3007,906,2,2,2,1
3009,739,4,5,5,4
3009,4648,1,5,5,4
3014,4872,1,1,1,1
3027,2329,1,1,1,1
3045,2232,1,1,1,1
3046,616,1,1,1,1
3052,1580,1,1,1,1
3054,1554,2,2,2,2
3060,2921,1,1,1,1
3064,2044,1,1,1,1
3064,2045,1,1,1,1
3065,971,1,2,2,2
3065,972,2,2,2,2
3066,699,1,2,2,1
3066,1046,1,2,2,1
3069,734,1,1,1,1
3070,1935,4,7,7,7
3070,1937,4,7,7,7
3070,4640,3,7,7,7
3073,3389,1,1,1,1
3076,3385,5,5,5,5
3077,1788,1,1,1,1
3077,1789,1,1,1,1
3079,2696,2,2,2,2
3080,2149,4,4,4,4
3082,3128,1,1,1,1
3085,3418,3,4,4,4
3085,3419,4,4,4,4
3089,1885,1,1,1,1
3092,684,5,5,5,5
3105,1243,2,3,3,3
3105,1491,1,3,3,3
3109,4428,3,3,3,3
3113,4412,5,5,5,5
3115,4645,1,1,1,1
3119,937,2,2,2,2
3122,4380,1,1,1,1
3122,4381,1,1,1,1
3123,4018,1,1,1,1
3123,4020,1,1,1,1
3126,862,1,4,4,4
3126,872,4,4,4,4
3131,1585,1,1,1,1
3136,1684,2,2,2,2
3140,3950,3,3,3,3
3150,2668,1,1,1,1
3150,2672,1,1,1,1
3166,2784,2,2,2,2
3168,1619,1,1,1,1
3173,1376,2,2,2,2
3174,2287,5,5,5,3
3178,881,2,4,4,4
3178,1115,1,4,4,4
3178,1233,1,4,4,4
3179,4588,5,5,5,5
3180,3785,4,5,5,5
3180,3796,5,5,5,5
3182,3809,3,3,3,3
3188,3187,1,1,1,1
3198,2272,1,1,1,1
3201,4427,2,2,2,2
3204,3998,6,6,6,6
3205,757,2,5,5,4
3205,759,3,5,5,4
3205,3677,2,5,5,4
3207,1309,2,4,4,4
3207,4264,2,4,4,4
3208,1825,1,1,1,1
3210,1044,1,1,1,1
3211,1579,1,1,1,1
3236,1246,3,7,7,4
3236,2628,4,7,7,4
3236,2629,4,7,7,4
3246,4052,1,1,1,1
3247,661,1,1,1,1
3248,1466,2,2,2,2
3251,893,2,2,2,2
3255,1099,1,1,1,1
3256,4055,1,1,1,1
3262,3281,2,2,2,2
3266,2151,1,1,1,1
3273,2701,6,6,6,5
3276,519,2,2,2,2
3291,3741,2,2,2,2
3293,4200,1,1,1,1
3299,4171,2,2,2,2
3301,1045,4,4,4,4
3301,1047,4,4,4,4
3307,1632,2,2,2,2
3311,3120,2,4,4,2
3311,3121,3,4,4,2
3311,3122,4,4,4,2
3313,707,4,4,4,4
3320,1474,1,2,2,2
3320,4196,1,2,2,2
3322,3008,4,4,4,4
3323,4551,1,1,1,1
3324,1740,1,1,1,1
3326,1496,1,1,1,1
3328,847,1,2,2,2
3328,851,2,2,2,2
3333,1073,1,1,1,1
3335,1843,5,7,7,6
3335,4040,2,7,7,6
3337,897,1,2,2,2
3337,898,2,2,2,2
3337,899,2,2,2,2
3339,1074,1,1,1,1
3341,1720,2,2,2,2
3343,1809,2,2,2,2
3347,584,5,5,5,5
3350,2154,3,3,3,3
3350,2155,3,3,3,3
3351,4775,3,3,3,3
3352,716,1,1,1,1
3353,888,1,1,1,1
3362,765,2,2,2,1
3363,3716,1,1,1,1
3367,2147,4,4,4,3
3368,2324,2,3,3,3
3368,3556,1,3,3,3
3376,4226,1,1,1,1
3378,2707,3,3,3,3
3379,758,1,1,1,1
3381,2591,2,2,2,2
3386,4699,1,1,1,1
3387,2909,1,1,1,1
3389,2052,4,4,4,4
3391,2694,3,3,3,3
3391,2695,3,3,3,3
3397,811,2,3,3,3
3397,884,1,3,3,3
3403,1221,1,2,2,2
3403,1222,1,2,2,2
3403,1223,2,2,2,2
3406,4550,2,2,2,2
3410,1624,2,2,2,2
3413,1087,1,1,1,1
3415,651,1,1,1,1
3415,653,1,1,1,1
3416,1415,1,1,1,1
3417,826,2,2,2,2
3428,1157,5,5,5,5
3431,1278,4,4,4,4
3439,5019,1,2,2,2
3439,5021,2,2,2,2
3440,2179,2,2,1,2
3442,894,5,5,5,5
3447,3165,1,1,1,1
3449,2551,3,3,3,3
3453,2143,3,3,3,3
3454,4565,1,1,1,1
3459,2096,3,3,3,3
3460,4585,2,2,2,2
3462,598,4,4,4,4
3464,2160,1,1,1,1
3464,2165,1,1,1,1
3474,1218,1,1,1,1
3476,602,1,4,4,3
3476,603,1,4,4,3
3476,604,4,4,4,3
3476,605,4,4,4,3
3477,3584,1,1,1,1
3478,4703,4,4,4,4
3479,1385,1,3,3,3
3479,1388,3,3,3,3
3480,2003,3,3,3,3
3487,1933,2,2,2,2
3489,606,1,1,1,1
3492,783,1,1,1,1
3496,4840,1,1,1,1
3498,2824,3,3,3,2
3499,643,2,3,3,3
3499,797,1,3,3,3
3512,1192,1,1,1,1
3516,4618,2,2,2,2
3516,4620,2,2,2,2
3518,4709,1,1,1,1
3538,4981,2,2,2,2
3541,3731,3,3,3,3
3546,1104,2,2,2,2
3548,4996,3,3,3,3
3554,1732,2,3,3,3
3554,1733,2,3,3,3
3554,1737,3,3,3,3
3557,3932,1,1,1,1
3563,1823,1,1,1,1
3565,3884,4,4,4,4
3567,955,2,2,2,2
3570,1364,2,3,3,3
3570,2647,1,3,3,3
3576,3529,1,4,4,3
3576,3533,4,4,4,3
3579,4377,1,1,1,1
3583,940,2,3,3,3
3583,4048,1,3,3,3
3591,1011,1,1,1,1
3602,1818,1,3,3,3
3602,2705,2,3,3,3
3606,1523,1,1,1,1
3607,4702,1,1,1,1
3618,3738,3,4,4,4
3618,4136,1,4,4,4
3619,4798,1,1,1,1
3620,2607,3,3,3,3
3634,4212,2,4,4,4
3634,4215,4,4,4,4
3637,1471,1,1,1,1
3639,817,1,1,1,1
3643,1859,3,3,3,3
3647,1159,1,1,1,1
3661,2422,1,1,1,1
3666,3534,3,3,3,2
3668,1057,2,3,3,3
3668,3673,1,3,3,3
3672,3274,2,2,2,2
3673,2123,2,2,2,2
3676,801,2,2,2,2
3681,1033,2,2,2,1
3686,4966,2,2,2,2
3687,4484,2,2,2,2
3692,5043,2,2,2,2
3698,853,1,4,4,4
3698,1344,3,4,4,4
3699,4539,2,2,2,2
3704,3594,1,1,1,1
3705,4370,2,2,2,2
3705,4371,2,2,2,2
3711,1417,2,2,2,2
3723,4626,1,1,1,1
3724,711,1,1,1,1
3724,712,1,1,1,1
3727,927,2,2,2,2
3729,1922,2,2,2,2
3730,962,2,2,2,2
3732,4485,2,2,2,2
3733,3747,2,2,2,2
3734,5088,2,2,2,2
3735,1512,1,1,1,1
3736,722,1,2,2,2
3736,724,2,2,2,2
3739,4430,1,1,1,1
3745,984,3,3,3,2
3745,985,3,3,3,2
3746,1090,5,5,4,4
3748,974,4,4,4,4
3749,2594,1,1,1,1
3751,4941,2,2,2,2
3757,1923,2,2,2,2
3761,729,1,2,2,2
3761,731,2,2,2,2
3761,733,2,2,2,2
3765,4807,3,3,3,3
3773,1527,2,2,2,2
3774,3078,3,3,3,3
3780,3172,1,1,1,1
3786,1001,1,1,1,1
3788,4022,1,1,1,1
3788,4023,1,1,1,1
3800,3455,5,5,5,5
3811,2190,1,1,1,1
3814,1801,1,1,1,1
3820,2288,2,2,2,2
3822,3306,1,1,1,1
3823,4320,3,3,3,3
3823,4323,3,3,3,3
3829,3928,1,2,2,2
3829,3929,1,2,2,2
3829,3931,2,2,2,2
3831,3156,2,2,2,2
3832,874,2,2,2,2
3833,1900,4,5,5,4
3833,2276,1,5,5,4
3836,926,1,4,4,4
3836,928,3,4,4,4
3836,929,3,4,4,4
3836,1229,1,4,4,4
3837,3470,2,2,2,2
3838,3087,3,3,3,3
3853,2131,4,7,7,7
3853,3228,3,7,7,7
3857,3138,1,1,1,1
3871,2307,1,1,1,1
3875,2962,1,1,1,1
3876,2278,2,2,2,2
3880,3036,3,3,3,3
3881,2531,3,3,3,3
3883,4694,4,4,4,4
3886,1966,1,1,1,1
3892,2231,2,2,2,2
3895,1667,1,1,1,1
3901,3390,1,1,1,1
3902,2844,1,1,1,1
3904,4483,1,1,1,1
3908,2196,1,3,3,2
3908,2198,3,3,3,2
3913,2769,3,3,3,3
3914,1683,1,1,1,1
3918,2305,2,2,2,2
3927,1262,1,2,2,2
3927,1551,1,2,2,2
3929,1032,6,6,5,5
3933,3813,1,1,1,1
3938,4281,1,1,1,1
3940,1190,2,2,2,2
3940,1191,2,2,2,2
3946,1650,1,1,1,1
3950,1646,1,1,1,1
3952,2643,1,1,1,1
3954,1826,1,1,1,1
3954,1829,1,1,1,1
3954,1831,1,1,1,1
3957,2692,2,2,2,2
3960,1676,1,1,1,1
3977,3469,1,1,1,1
3984,3176,2,2,2,2
3989,1203,2,2,2,2
3994,3565,2,2,2,2
3996,1992,1,1,1,1
4001,3284,2,7,7,6
4001,3293,7,7,7,6
4004,4568,1,1,1,1
4007,3042,1,1,1,1
4007,3043,1,1,1,1
4011,3199,1,1,1,1
4016,2022,1,1,1,1
4017,1451,1,4,4,3
4017,4851,3,4,4,3
4017,4853,3,4,4,3
4018,2430,1,1,1,1
4030,3873,1,1,1,1
4030,3874,1,1,1,1
4030,3878,1,1,1,1
4032,1531,1,1,1,1
4036,1631,2,2,2,2
4038,3307,1,1,1,1
4041,4110,1,1,1,1
4043,814,1,1,1,1
4044,1078,1,1,1,1
4044,1079,1,1,1,1
4050,1374,2,2,2,2
4051,4729,2,2,2,2
4051,4731,2,2,2,2
4054,3871,2,2,2,2
4059,1119,2,2,2,2
4062,1114,3,3,3,3
4066,1030,3,5,5,5
4066,1034,4,5,5,5
4066,1295,1,5,5,5
4073,1063,1,6,6,5
4073,2929,5,6,6,5
4080,1121,2,5,4,4
4080,1125,5,5,4,4
4083,1183,3,7,7,6
4083,2416,2,7,7,6
4083,3966,2,7,7,6
4083,3967,2,7,7,6
4086,1204,2,2,2,2
4086,1206,2,2,2,2
4090,3772,2,2,2,2
4095,4255,3,3,3,3
4095,4257,3,3,3,3
4102,2782,1,1,1,1
4106,1329,1,1,1,1
4107,3984,1,1,1,1
4109,3502,5,5,5,3
4113,3726,1,1,1,1
4114,1362,3,3,3,3
4118,2663,2,2,2,2
4125,1731,2,3,3,3
4125,1738,3,3,3,3
4126,2235,2,2,2,2
4127,3847,1,1,1,1
4142,4898,2,2,2,2
4148,1628,1,1,1,1
4151,2174,3,3,3,3
4160,3366,2,4,4,4
4160,3373,4,4,4,4
4161,2743,1,1,1,1
4162,4292,3,3,3,3
4165,3225,1,1,1,1
4173,1459,1,2,2,2
4173,1462,2,2,2,2
4174,4230,3,3,3,3
4186,1984,1,1,1,1
4187,1414,1,1,1,1
4189,2886,3,3,3,3
4190,3130,1,1,1,1
4191,1076,2,2,2,2
4195,2484,1,1,1,1
4199,3655,4,4,4,2
4204,2041,4,4,4,4
4207,4074,2,5,5,4
4207,4079,2,5,5,4
4207,4333,3,5,5,4
4210,1444,1,1,1,1
4211,2525,2,2,2,2
4222,1097,1,1,1,1
4222,1098,1,1,1,1
4224,1617,3,3,3,3
4229,2999,2,2,2,2
4237,1612,3,4,4,3
4237,5084,1,4,4,3
4241,1299,1,1,1,1
4242,4763,2,2,2,2
4243,4072,2,2,2,2
4260,2898,2,2,2,2
4263,4705,3,3,3,3
4263,4706,3,3,3,3
4266,2229,1,1,1,1
4267,3974,2,2,2,2
4271,2581,3,3,3,3
4276,2681,2,2,2,2
4277,3467,4,4,4,3
4281,1381,1,1,1,1
4288,1084,1,1,1,1
4302,2474,5,5,5,5
4307,1716,2,2,2,2
4311,1756,1,2,2,2
4311,4091,1,2,2,2
4312,1431,1,1,1,1
4312,1432,1,1,1,1
4316,1592,1,1,1,1
4317,3009,4,4,4,4
4323,2765,2,2,2,2
4326,4201,1,1,1,1
4328,1325,4,4,4,4
4332,1017,2,2,2,2
4335,2968,3,4,4,4
4335,2974,4,4,4,4
4336,4678,2,2,2,2
4339,3597,2,2,2,2
4350,4938,2,2,2,2
4352,3386,1,1,1,1
4356,2250,1,1,1,1
4356,2252,1,1,1,1
4356,2253,1,1,1,1
4359,4166,2,2,2,2
4360,2490,1,2,2,2
4360,2493,2,2,2,2
4365,4881,5,5,5,4
4367,1457,1,1,1,1
4369,4002,1,1,1,1
4375,2547,4,4,4,4
4375,2548,4,4,4,4
4380,2504,2,2,2,2
4393,2925,1,1,1,1
4397,1969,3,4,4,4
4397,1970,4,4,4,4
4399,3275,2,2,2,2
4402,2411,3,4,4,3
4402,3904,1,4,4,3
4410,3186,1,1,1,1
4411,2947,1,1,1,1
4419,3604,2,2,2,2
4424,2244,5,6,6,5
4424,2702,1,6,6,5
4425,1448,2,5,5,4
4425,3412,3,5,5,4
4432,4976,3,3,3,2
4433,2046,4,4,4,4
4433,2047,4,4,4,4
4434,3848,2,2,2,2
4437,2907,2,2,2,2
4445,2023,1,1,1,1
4449,3357,1,5,5,5
4449,3362,5,5,5,5
4449,3363,5,5,5,5
4450,1983,2,2,2,2
4451,1643,1,1,1,1
4455,3858,1,1,1,1
4458,1337,1,1,1,1
4459,1303,3,3,3,3
4468,3319,1,1,1,1
4473,4855,1,1,1,1
4481,2969,2,2,2,2
4486,3680,2,2,2,2
4496,4289,1,1,1,1
4499,5075,1,1,1,1
4500,3064,1,1,1,1
4501,1247,1,1,1,1
4504,3922,2,2,2,2
4526,3989,4,4,4,4
4528,3028,3,3,3,3
4531,2208,2,2,2,2
4537,2057,6,6,6,6
4541,4347,4,4,4,3
4541,4348,4,4,4,3
4549,3337,3,3,3,3
4550,1238,1,1,1,1
4550,1240,1,1,1,1
4551,3856,1,1,1,1
4556,2996,1,1,1,1
4557,1978,4,6,6,5
4557,2849,2,6,6,5
4557,2850,2,6,6,5
4560,3002,4,4,4,3
4561,1268,4,4,4,4
4563,3459,2,2,2,2
4567,1790,1,1,1,1
4567,1794,1,1,1,1
4568,3110,1,1,1,1
4568,3111,1,1,1,1
4573,2270,2,2,2,2
4575,4712,1,1,1,1
4587,3669,1,1,1,1
4601,1245,1,1,1,1
4602,4161,3,3,3,2
4604,2038,1,1,1,1
4605,2789,1,1,1,1
4612,1124,4,4,4,3
4619,3475,1,2,2,2
4619,3476,2,2,2,2
4628,3242,1,1,1,1
4629,1552,3,3,3,2
4643,2685,1,1,1,1
4645,4590,3,3,3,3
4654,4944,3,3,3,3
4660,1361,1,1,1,1
4666,2017,2,2,2,2
4669,5039,1,1,1,1
4673,1455,2,2,2,2
4674,4168,1,1,1,1
4689,3651,1,1,1,1
4701,4625,2,2,2,2
4703,2163,1,1,1,1
4705,3902,1,1,1,1
4718,4513,1,1,1,1
4721,3204,1,1,1,1
4726,1440,3,3,3,3
4728,4245,2,2,2,1
4731,4659,3,3,3,3
4740,1888,2,2,2,2
4740,1889,2,2,2,2
4744,3681,2,2,2,2
4753,2995,4,4,4,3
4762,3671,3,3,3,3
4763,3763,1,1,1,1
4774,2458,1,1,1,1
4786,3460,3,3,2,3
4790,3238,2,2,2,2
4795,4918,1,1,1,1
4806,3069,1,1,1,1
4806,3070,1,1,1,1
4808,5033,6,6,6,5
4810,2139,1,1,1,1
4811,3388,1,1,1,1
4814,3076,4,4,4,3
4818,1236,1,1,1,1
4818,1237,1,1,1,1
4822,2275,1,1,1,1
4829,1883,1,1,1,1
4833,3012,1,1,1,1
4836,1460,3,3,3,3
4838,2415,3,3,3,3
4840,2409,5,5,4,4
4847,4163,1,1,1,1
4847,4164,1,1,1,1
4858,1681,4,4,4,3
4860,2267,2,2,2,2
4861,4512,1,1,1,1
4864,2358,1,1,1,1
4872,2884,3,3,3,3
4872,2885,3,3,3,3
4881,3957,1,3,3,3
4881,4873,2,3,3,3
4892,2889,5,5,5,5
4901,2384,2,2,2,2
4903,2737,3,3,3,2
4905,4086,3,3,3,3
4906,3877,1,3,3,3
4906,3879,3,3,3,3
4910,3720,1,1,1,1
4911,4977,1,1,1,1
4914,2122,2,3,3,3
4914,3372,1,3,3,3
4919,3836,3,3,3,2
4920,3569,2,2,2,2
4924,2239,3,3,3,3
4936,4108,1,1,1,1
4937,4559,2,2,2,2
4940,2664,3,3,3,3
4943,2738,1,1,1,1
4948,1528,1,1,1,1
4951,4114,1,3,3,3
4951,4117,1,3,3,3
4951,4121,3,3,3,3
4951,4122,3,3,3,3
4971,1568,4,4,4,3
4972,2225,3,3,3,3
4983,3415,3,3,3,3
4984,2699,2,2,2,2
4984,2700,2,2,2,2
4993,2935,1,1,1,1
4993,2936,1,1,1,1
4993,2937,1,1,1,1
5001,3081,4,4,4,4
5002,3595,1,1,1,1
5003,4613,2,2,2,2
5004,2115,1,4,4,4
5004,2120,3,4,4,4
5004,2121,4,4,4,4
5010,3445,1,1,1,1
5012,1453,2,2,2,2
5013,2592,1,1,1,1
5013,2593,1,1,1,1
5017,2333,4,4,4,4
5022,2134,2,2,2,2
5023,1797,4,4,4,4
5026,4156,4,4,4,4
5029,2403,4,7,7,6
5029,3480,3,7,7,6
5035,2791,5,8,8,7
5035,2928,3,8,8,7
5036,3308,1,1,1,1
5042,3934,3,3,3,3
5043,3277,2,2,2,2
5048,3192,3,3,3,3
5059,2107,2,3,3,3
5059,2108,3,3,3,3
5062,2344,2,2,2,2
5069,4066,2,2,2,2
5069,4071,2,2,2,2
5071,1832,6,6,6,5
5073,4327,1,2,2,2
5073,4330,2,2,2,2
5075,2984,2,2,2,2
5078,4239,5,5,5,5
5078,4241,5,5,5,5
5096,2110,3,4,4,4
5096,2112,3,4,4,4
5096,3458,1,4,4,4
5104,4636,1,1,1,1
5105,3030,1,1,1,1
5110,1378,4,4,4,3
5115,2478,1,1,1,1
5119,2211,1,1,1,1
5119,2213,1,1,1,1
5121,4402,1,1,1,1
5126,2018,1,1,1,1
5136,4492,4,4,4,3
5140,3200,1,1,1,1
5147,4601,2,2,2,2
5155,4677,3,3,3,3
5156,3436,3,3,3,2
5157,2741,1,1,1,1
5157,2742,1,1,1,1
5162,2557,1,1,1,1
5165,1852,1,1,1,1
5165,1854,1,1,1,1
5179,3668,3,3,3,3
5182,1718,2,2,2,2
5182,1719,2,2,2,2
5183,3141,2,2,2,2
5188,3976,1,1,1,1
5193,1735,1,1,1,1
5202,2758,5,4,4,3
5209,2257,4,4,4,4
5212,1712,3,3,3,2
5216,1988,1,1,1,1
5225,2470,5,5,5,5
5226,3808,1,1,1,1
5228,4075,1,1,1,1
5230,2798,2,2,2,2
5234,2103,1,1,1,1
5239,1875,1,1,1,1
5248,1707,1,1,1,1
5252,3123,1,1,1,1
5258,4945,1,1,1,1
5262,2989,3,3,3,3
5262,2990,3,3,3,3
5272,1804,1,1,1,1
5277,2091,2,2,2,2
5295,2537,5,5,5,4
5301,3153,4,4,4,4
5305,3218,1,1,1,1
5317,2391,1,3,3,3
5317,3965,2,3,3,3
5318,2875,1,1,1,1
5318,2876,1,1,1,1
5320,1749,1,1,1,1
5323,4779,4,4,4,4
5323,4781,4,4,4,4
5331,2135,3,3,3,3
5331,2137,3,3,3,3
5335,2654,2,2,2,1
5340,3536,1,1,1,1
5342,2492,4,4,4,3
5342,2496,4,4,4,3
5362,3686,3,3,3,3
5365,2598,3,3,3,2
5368,2728,1,1,1,1
5371,2549,3,3,3,3
5378,3621,1,4,4,4
5378,3958,3,4,4,4
5382,2101,1,1,1,1
5384,4140,2,2,2,2
5389,2580,1,2,2,2
5389,3047,1,2,2,2
5391,2870,2,2,2,1
5395,1877,4,4,4,4
5406,4154,2,2,2,2
5415,3466,1,1,1,1
5417,2899,2,5,4,4
5417,2903,5,5,4,4
5426,1783,3,3,3,3
5437,2940,1,1,1,1
5441,1591,1,1,1,1
5442,2650,1,1,1,1
5449,3089,3,3,3,3
5458,3481,1,1,1,1
5465,4054,3,3,3,3
5466,1690,1,1,1,1
5467,2263,3,5,5,5
5467,2368,2,5,5,5
5469,5108,1,1,1,1
5476,3011,1,1,1,1
5479,1724,1,1,1,1
5480,4614,3,3,3,3
5488,4355,2,2,2,2
5492,3913,1,1,1,1
5502,2189,1,1,1,1
5511,3487,1,1,1,1
5519,3635,1,1,1,1
5529,3788,1,2,2,2
5529,3794,2,2,2,2
5529,3795,2,2,2,2
5534,3189,1,1,1,1
5543,1727,1,1,1,1
5552,2200,1,1,1,1
5554,2965,2,2,2,2
5559,4249,1,1,1,1
5559,4250,1,1,1,1
5577,3063,1,1,1,1
5581,4438,3,3,3,3
5586,3003,1,1,1,1
5589,3988,2,2,2,2
5595,3663,1,1,1,1
5597,2674,2,2,2,2
5597,2675,2,2,2,2
5604,3322,1,1,1,1
5612,3399,1,1,1,1
5612,3401,1,1,1,1
5614,4854,2,2,2,2
5617,2751,3,3,3,3
5619,1670,3,3,3,3
5626,2073,4,7,7,7
5626,4465,3,7,7,7
5631,1855,3,3,3,2
5633,5041,2,2,2,2
5635,1921,3,3,3,3
5638,3505,1,1,1,1
5648,4008,2,2,2,2
5650,3543,4,4,4,4
5651,2488,2,2,2,2
5655,2714,6,6,6,5
5658,2957,3,3,3,3
5659,4397,5,5,5,4
5665,4669,1,1,1,1
5666,4399,2,2,2,2
5666,4401,2,2,2,2
5675,1679,2,2,2,2
5679,4319,4,4,4,4
5686,3227,2,2,2,2
5698,2817,2,2,2,2
5703,3489,1,1,1,1
5723,3504,1,1,1,1
5727,1817,2,2,2,2
5735,3439,2,2,2,1
5738,2249,2,2,2,2
5748,4722,1,1,1,1
5751,4776,5,5,5,5
5751,4777,5,5,5,5
5754,3894,1,1,1,1
5757,3166,1,1,1,1
5760,2485,3,3,3,3
5766,2259,3,3,3,3
5769,4181,1,1,1,1
5785,4236,1,1,1,1
5789,3235,2,2,2,2
5789,3236,2,2,2,2
5789,3237,2,2,2,2
5792,1897,1,1,1,1
5804,2381,6,6,6,5
5811,1816,1,1,1,1
5812,4608,1,1,1,1
5816,4616,2,2,2,2
5817,4459,2,2,2,2
5823,2220,3,3,3,3
5825,3041,2,1,1,1
5826,4457,1,1,1,1
5829,2364,2,2,2,2
5830,3461,2,2,2,2
5832,2877,3,3,3,3
5832,2878,3,3,3,3
5835,2495,1,4,4,4
5835,2499,4,4,4,4
5847,3253,1,1,1,1
5863,5064,2,2,2,2
5864,4809,3,3,3,3
5878,2862,2,2,2,2
5880,5056,1,1,1,1
5892,2446,2,2,2,2
5893,1996,1,1,1,1
5895,3960,1,1,1,1
5898,2772,1,5,5,5
5898,4089,4,5,5,5
5901,4306,1,1,1,1
5911,5068,1,1,1,1
5915,3724,1,1,1,1
5916,4129,5,5,5,5
5938,3521,4,4,4,4
5941,3593,1,1,1,1
5950,3900,1,1,1,1
5951,1934,1,6,6,5
5951,1938,2,6,6,5
5951,2342,4,6,6,5
5954,1929,1,1,1,1
5959,4173,2,2,2,1
5962,2102,1,1,1,1
5964,4710,2,2,2,1
5970,2049,3,3,3,3
5971,1931,3,3,3,3
5975,3021,7,7,7,7
5988,3162,1,1,1,1
5993,4688,2,2,2,2
5996,2633,1,1,1,1
6005,2954,2,2,2,2
6005,2955,2,2,2,2
6006,2063,2,2,2,2
6007,3945,2,2,2,2
6013,2212,1,1,1,1
6023,3956,1,1,1,1
6025,2374,1,1,1,1
6026,3918,1,1,1,1
6038,3150,3,4,4,4
6038,4094,1,4,4,4
6044,3982,1,1,1,1
6047,3580,2,2,2,2
6050,3942,1,1,1,1
6051,3650,4,4,4,3
6054,3727,2,2,2,2
6059,4823,1,1,1,1
6061,2451,1,1,1,1
6064,3249,3,6,6,6
6064,3317,3,6,6,6
6069,2379,2,2,2,2
6070,2399,1,1,1,1
6072,2961,2,2,2,2
6081,4152,2,2,2,2
6081,4153,2,2,2,2
6082,2665,2,3,3,3
6082,2666,2,3,3,3
6082,2667,2,3,3,3
6082,3868,1,3,3,3
6085,4581,2,2,2,2
6086,2574,1,1,1,1
6087,1957,1,2,2,2
6087,4743,1,2,2,2
6088,4038,2,2,2,2
6094,4097,1,1,1,1
6095,2602,1,1,1,1
6098,4244,2,2,2,2
6099,2887,3,3,3,3
6100,4929,1,4,4,4
6100,4930,1,4,4,4
6100,4931,4,4,4,4
6117,3056,1,1,1,1
6119,2092,2,2,2,2
6124,3104,4,4,4,4
6124,3105,4,4,4,4
6143,3334,1,1,1,1
6150,2007,1,1,1,1
6150,2010,1,1,1,1
6152,4364,1,1,1,1
6173,4599,2,2,2,2
6173,4600,2,2,2,2
6177,2477,1,1,1,1
6180,4970,2,2,2,2
6183,2873,2,2,2,2
6186,3107,2,2,2,2
6192,3630,2,2,2,2
6193,2660,4,4,4,4
6193,2662,4,4,4,4
6207,4224,1,1,1,1
6211,2414,2,2,2,2
6212,3599,1,1,1,1
6221,4752,2,2,2,2
6222,3091,1,1,1,1
6228,2246,1,1,1,1
6229,3224,2,2,2,2
6230,3135,1,6,6,6
6230,3145,6,6,6,6
6258,2427,1,1,1,1
6275,2187,3,3,2,3
6276,3786,2,3,3,3
6276,3793,3,3,3,3
6286,4554,1,1,1,1
6286,4555,1,1,1,1
6291,2811,2,2,2,2
6294,2677,1,1,1,1
6303,4844,1,1,1,1
6306,2157,2,2,2,2
6307,3911,1,1,1,1
6310,4051,1,1,1,1
6316,2223,4,4,4,4
6318,2626,1,1,1,1
6318,2627,1,1,1,1
6320,4453,1,1,1,1
6320,4455,1,1,1,1
6321,4924,2,2,2,2
6326,4124,1,1,1,1
6327,4805,2,2,2,2
6330,3688,3,3,3,3
6336,4818,1,1,1,1
6337,2297,3,3,3,3
6351,4989,1,1,1,1
6354,4637,3,3,3,3
6356,2678,1,1,1,1
6363,2386,1,1,1,1
6363,2387,1,1,1,1
6365,3061,1,1,1,1
6375,2879,2,2,2,2
6387,2762,3,4,4,4
6387,3050,1,4,4,4
6394,4365,2,2,2,2
6394,4366,2,2,2,2
6397,4037,7,6,6,6
6401,2604,2,2,2,2
6401,2605,2,2,2,2
6409,3425,3,3,3,3
6413,3666,2,2,2,2
6415,2300,3,3,3,3
6436,2852,1,1,1,1
6445,4414,2,2,2,2
6455,3029,3,3,3,3
6458,2622,4,4,4,4
6469,5031,3,3,3,3
6475,3618,3,5,5,4
6475,4689,2,5,5,4
6478,2872,1,1,1,1
6480,2768,2,2,2,2
6487,3196,5,5,5,3
6507,3149,2,2,2,2
6519,3566,2,2,2,2
6524,2317,3,3,3,3
6534,3075,2,2,2,2
6537,3500,2,2,2,2
6541,2320,1,1,1,1
6551,2856,1,1,1,1
6551,2857,1,1,1,1
6551,2858,1,1,1,1
6560,2774,1,1,1,1
6564,3332,3,3,3,3
6572,4984,1,1,1,1
6572,4985,1,1,1,1
6579,4174,1,2,2,2
6579,4177,2,2,2,2
6597,3335,2,2,2,2
6599,2726,2,2,2,2
6611,2682,2,2,2,2
6613,2481,1,1,1,1
6614,2363,4,4,4,4
6616,2517,2,2,2,2
6616,2518,2,2,2,2
6620,4850,2,4,3,3
6620,4917,2,4,3,3
6638,4498,6,6,6,5
6645,4466,1,1,1,1
6646,4693,1,1,1,1
6654,2855,1,1,1,1
6656,4078,1,1,1,1
6665,2603,2,2,2,2
6666,3197,1,1,1,1
6668,3246,1,1,1,1
6669,3449,1,1,1,1
6675,3497,1,1,1,1
6690,2818,2,2,2,2
6695,4501,1,1,1,1
6695,4502,1,1,1,1
6701,3206,1,1,1,1
6712,4293,3,3,3,3
6714,4424,2,2,2,2
6722,4569,1,1,1,1
6726,3978,1,1,1,1
6727,2621,4,4,4,4
6731,2339,1,1,1,1
6741,4390,3,3,3,3
6742,4946,2,2,2,2
6757,2938,1,1,1,1
6781,2745,1,1,1,1
6782,2561,2,3,3,3
6782,2563,3,3,3,3
6786,4312,1,1,1,1
6787,3182,5,5,5,5
6810,4617,2,2,2,2
6819,2902,2,2,2,2
6821,3464,1,1,1,1
6825,5076,1,1,1,1
6825,5077,1,1,1,1
6830,2941,2,2,2,2
6830,2942,2,2,2,2
6854,4223,1,1,1,1
6877,5059,2,5,5,5
6877,5065,5,5,5,5
6903,2560,2,2,2,2
6906,3230,1,1,1,1
6914,4665,3,3,3,3
6920,4057,3,4,4,4
6920,4543,1,4,4,4
6939,4733,2,2,2,2
6951,3015,2,2,2,1
6952,4317,2,2,2,2
6991,4454,3,4,4,4
6991,4462,4,4,4,4
7001,4384,2,2,2,2
7005,3099,3,3,3,3
7009,3625,2,2,2,2
7016,3678,6,6,6,5
7017,3994,2,2,2,2
7032,3863,1,6,6,6
7032,4867,5,6,6,6
7032,4868,5,6,6,6
7033,3209,4,4,4,3
7041,4063,1,1,1,1
7042,3633,7,7,7,4
7048,4082,1,1,1,1
7060,3258,2,2,2,2
7065,4765,2,2,2,2
7066,3024,1,1,1,1
7067,4641,2,2,2,2
7068,3299,3,3,3,2
7079,3961,1,1,1,1
7089,2606,1,1,1,1
7096,3065,3,3,3,3
7110,3312,3,3,3,3
7117,3393,2,2,2,2
7119,3811,6,6,5,6
7120,5093,1,1,1,1
7139,3973,1,1,1,1
7140,2978,5,5,5,5
7140,2980,5,5,5,5
7154,4630,1,1,1,1
7156,4206,1,1,1,1
7162,3897,1,1,1,1
7179,4256,6,6,6,6
7207,3171,2,2,2,2
7207,3173,2,2,2,2
7213,3446,2,2,2,2
7218,5104,1,1,1,1
7220,3713,1,1,1,1
7232,4059,2,2,2,2
7236,5109,2,2,2,2
7263,3759,2,2,2,2
7263,3761,2,2,2,2
7265,3320,3,3,3,3
7295,4833,7,7,7,4
7304,4060,2,2,2,2
7309,3155,1,1,1,1
7319,4562,1,1,1,1
7347,4222,1,1,1,1
7358,3704,1,1,1,1
7365,3758,2,2,2,2
7382,4541,1,1,1,1
7393,3272,1,1,1,1
7402,3707,2,2,2,2
7407,4151,2,2,2,2
7434,4567,4,4,4,3
7442,3722,2,2,2,2
7447,4029,3,3,2,3
7451,5083,1,1,1,1
7452,4725,2,2,2,2
7458,2863,3,3,3,3
7474,3140,5,5,5,5
7480,4429,1,1,1,1
7486,4730,1,1,1,1
7491,3819,2,2,2,2
7491,3820,2,2,2,2
7506,4011,3,3,3,3
7517,3398,2,2,2,2
7519,2912,3,3,3,3
7524,3506,1,2,2,2
7524,3509,2,2,2,2
7531,4584,1,1,1,1
7534,2972,2,2,2,2
7539,4045,1,1,1,1
7554,4218,1,1,1,1
7608,4848,2,2,2,2
7623,4362,1,1,1,1
7645,3243,2,2,2,2
7675,4475,2,2,2,2
7682,3756,3,3,3,3
7689,3289,4,4,4,4
7690,4105,3,3,3,3
7699,3636,1,1,1,1
7701,4531,2,2,2,2
7710,4000,1,1,1,1
7718,4268,1,1,1,1
7761,4104,4,4,4,4
7766,3528,1,1,1,1
7771,3245,1,1,1,1
7774,4939,2,2,2,2
7777,3376,1,1,1,1
7781,4321,1,1,1,1
7781,4322,1,1,1,1
7815,4247,1,1,1,1
7819,3178,1,1,1,1
7822,3996,1,1,1,1
7822,3997,1,1,1,1
7828,4165,1,1,1,1
7828,4167,1,1,1,1
7860,3628,2,2,2,2
7862,3347,2,2,2,2
7871,3184,4,4,4,4
7887,4339,1,1,1,1
7888,4774,5,5,5,5
7897,3457,2,2,2,2
7899,4829,1,1,1,1
7901,4383,2,2,2,2
7915,4221,2,2,2,2
7920,4644,4,4,4,4
7946,4417,2,2,2,2
7954,4282,1,1,1,1
7975,3269,3,3,3,2
7983,4499,4,4,3,4
7986,4203,3,3,3,3
7991,3766,1,1,1,1
8007,3629,2,2,2,2
8015,4016,3,3,3,3
8036,4972,2,2,2,2
8054,4556,1,1,1,1
8057,4878,1,1,1,1
8067,4865,2,2,2,2
8081,3644,1,1,1,1
8102,4194,2,2,2,2
8107,4343,1,1,1,1
8114,3821,4,5,5,5
8114,4794,1,5,5,5
8114,4795,1,5,5,5
8114,4796,1,5,5,5
8123,3539,4,4,3,4
8141,4773,2,2,2,1
8147,4056,4,4,4,4
8155,4231,2,2,2,2
8157,4195,1,1,1,1
8166,4418,2,2,2,2
8175,3571,2,2,2,2
8204,4070,2,2,2,2
8214,3664,1,1,1,1
8214,3665,1,1,1,1
8218,4307,2,2,2,2
8223,4962,3,3,3,3
8238,3845,3,3,3,2
8266,4394,3,3,3,3
8271,4656,3,3,3,3
8292,5038,1,1,1,1
8317,3696,1,1,1,1
8337,4227,5,5,5,4
8338,4596,1,1,1,1
8359,3590,4,4,4,3
8365,4265,2,2,2,2
8390,3921,4,4,4,4
8399,3606,2,3,3,3
8399,3612,3,3,3,3
8400,5099,3,3,3,3
8407,4287,1,1,1,1
8407,4288,1,1,1,1
8427,3767,1,1,1,1
8430,5103,1,1,1,1
8436,4594,3,3,3,3
8436,4595,3,3,3,3
8437,4460,2,2,2,2
8440,4044,1,1,1,1
8463,4963,3,3,3,3
8468,4482,2,2,2,1
8479,4536,1,1,1,1
8485,4335,4,4,4,4
8485,4336,4,4,4,4
8485,4338,4,4,4,4
8488,3876,1,1,1,1
8505,4304,3,4,4,4
8505,4419,1,4,4,4
8505,4422,1,4,4,4
8539,3937,2,2,2,2
8539,3938,2,2,2,2
8539,3939,2,2,2,2
8540,3828,4,4,4,4
8558,5079,5,5,5,4
8573,3822,1,1,1,1
8577,4076,1,1,1,1
8584,4841,1,1,1,1
8602,4534,4,4,3,4
8625,4830,1,1,1,1
8666,4346,3,3,3,3
8670,5050,3,3,3,2
8690,4819,1,1,1,1
8785,4411,2,2,2,2
8795,4199,1,1,1,1
8806,4707,2,2,2,2
8834,4028,4,4,4,4
8835,4519,1,1,1,1
8849,4275,2,2,2,2
8863,4509,1,1,1,1
8864,4548,2,2,2,2
8888,4080,1,1,1,1
8913,4651,1,1,1,1
8915,5085,1,1,1,1
8915,5086,1,1,1,1
8923,5028,1,1,1,1
8936,4050,1,1,1,1
8944,4229,1,1,1,1
8987,4359,3,3,3,3
9016,5003,3,3,3,3
9016,5007,3,3,3,3
9046,4579,4,4,4,4
9073,4332,1,1,1,1
9161,4369,4,4,4,4
9203,4313,2,5,5,5
9203,4849,3,5,5,5
9216,5081,1,1,1,1
9246,4755,2,2,2,2
9251,4503,1,1,1,1
9256,5071,4,4,4,4
9262,4870,2,2,2,2
9337,4801,3,3,3,3
9355,4757,3,3,3,3
9373,5054,5,5,5,5
9388,4726,1,1,1,1
9495,5097,1,1,1,1
9508,5008,2,2,2,2
9544,4742,1,1,1,1
9545,4995,1,1,1,1
9597,4783,1,1,1,1
9772,4990,2,2,2,2
9811,4908,1,1,1,1
9811,4910,1,1,1,1
9827,4919,2,2,2,1
9827,4921,2,2,2,1
9849,5090,5,5,4,5
9849,5091,5,5,4,5
9906,4982,4,4,4,3
